date,total_trades,total_volume_usd,avg_trade_size_usd,net_pnl,profitable_trades,win_rate,classification,sentiment_binary
2023-05-01,3,477.0,159.0,0.0,0,0.0,Greed,1
2023-12-05,9,50005.83,5556.203333333334,0.0,0,0.0,Greed,1
2023-12-14,11,113203.35,10291.213636363636,-205.43473700000007,4,0.36363636363636365,Greed,1
2023-12-15,2,10609.95,5304.975,-24.632033999999997,0,0.0,Greed,1
2023-12-16,3,15348.77,5116.256666666667,0.0,0,0.0,Greed,1
2023-12-17,14,116278.02,8305.572857142857,304.982785,7,0.5,Greed,1
2023-12-18,2,31164.179999999997,15582.089999999998,0.0,0,0.0,Greed,1
2023-12-19,15,91602.41,6106.827333333334,1000.5386120000001,10,0.6666666666666666,Greed,1
2023-12-20,18,141636.79,7868.710555555556,162.732282,8,0.4444444444444444,Greed,1
2023-12-21,49,125233.97,2555.795306122449,537.211402,26,0.5306122448979592,Greed,1
2023-12-22,10,88874.28,8887.428,141.832675,2,0.2,Greed,1
2023-12-23,13,78438.25,6033.711538461538,146.936704,8,0.6153846153846154,Greed,1
2023-12-24,39,402954.94,10332.177948717948,1008.619956,15,0.38461538461538464,Greed,1
2023-12-25,3,59948.51,19982.836666666666,-245.081348,0,0.0,Greed,1
2023-12-27,28,171411.06,6121.823571428571,-704.8892269999999,4,0.14285714285714285,Greed,1
2023-12-28,23,100117.25,4352.923913043478,-970.730876,0,0.0,Greed,1
2023-12-29,50,569559.72,11391.1944,508.92214299999995,15,0.3,Greed,1
2023-12-30,52,702550.21,13510.58096153846,354.998648,23,0.4423076923076923,Greed,1
2024-01-01,18,264239.52999999997,14679.973888888888,-129.53146,1,0.05555555555555555,Greed,1
2024-01-02,17,121348.74,7138.1611764705885,783.979116,8,0.47058823529411764,Greed,1
2024-01-03,67,394499.36,5888.050149253731,866.015507,28,0.417910447761194,Greed,1
2024-01-04,5,99792.54000000001,19958.508,-67.60364,0,0.0,Greed,1
2024-01-05,66,1703942.66,25817.31303030303,164.141565,13,0.19696969696969696,Greed,1
2024-01-06,22,298521.4,13569.154545454547,135.58166400000002,10,0.45454545454545453,Greed,1
2024-01-07,97,1048850.06,10812.887216494846,-835.681235,9,0.09278350515463918,Greed,1
2024-01-08,128,1522452.43,11894.159609375,-269.874439,32,0.25,Greed,1
2024-01-09,70,870051.97,12429.313857142857,-826.349863,18,0.2571428571428571,Greed,1
2024-01-10,193,2057479.48,10660.515440414507,-1517.091342,41,0.21243523316062177,Greed,1
2024-01-11,21,305314.1,14538.766666666666,-164.08950099999998,5,0.23809523809523808,Greed,1
2024-01-12,7,200082.27,28583.181428571428,-1925.519024,0,0.0,Greed,1
2024-01-15,14,50636.1,3616.8642857142854,152.85358,9,0.6428571428571429,Fear,0
2024-01-16,9,116427.33,12936.37,-2299.171458,3,0.3333333333333333,Greed,1
2024-01-17,53,800831.03,15110.019433962265,813.2741110000001,11,0.20754716981132076,Greed,1
2024-01-18,46,424631.52999999997,9231.120217391304,68.93319,3,0.06521739130434782,Greed,1
2024-01-19,48,428428.97,8925.603541666665,-385.419235,6,0.125,Fear,0
2024-01-20,106,1070090.51,10095.193490566038,-146.57487000000003,15,0.14150943396226415,Fear,0
2024-01-21,11,103129.74,9375.43090909091,266.58114600000005,3,0.2727272727272727,Greed,1
2024-01-22,85,337878.99,3975.0469411764707,1375.640959,23,0.27058823529411763,Greed,1
2024-01-23,45,414518.93000000005,9211.531777777778,-369.2447299999998,11,0.24444444444444444,Fear,0
2024-01-24,68,965084.59,14192.42044117647,-2808.353815,10,0.14705882352941177,Fear,0
2024-01-25,6,66566.13,11094.355000000001,-3093.6293849999997,0,0.0,Fear,0
2024-01-26,5,11773.21,2354.642,90.2,1,0.2,Fear,0
2024-01-28,11,18109.03,1646.2754545454545,-2478.06972,0,0.0,Fear,0
2024-01-29,74,414208.18,5597.407837837838,486.562542,45,0.6081081081081081,Greed,1
2024-01-30,49,401011.38,8183.905714285715,-173.65419100000003,5,0.10204081632653061,Greed,1
2024-01-31,859,6305647.13,7340.683504074505,-799.840817,231,0.2689173457508731,Greed,1
2024-02-01,6,2008.18,334.69666666666666,0.0,0,0.0,Greed,1
2024-02-02,42,474278.43,11292.343571428572,456.423473,13,0.30952380952380953,Greed,1
2024-02-03,56,603820.0,10782.5,223.30918699999998,6,0.10714285714285714,Greed,1
2024-02-04,35,203187.53,5805.358,47.62389499999999,9,0.2571428571428571,Greed,1
2024-02-05,72,770198.26,10697.198055555556,-33.45419400000003,14,0.19444444444444445,Greed,1
2024-02-06,1088,8047153.41,7396.280707720588,-215.615907,179,0.1645220588235294,Greed,1
2024-02-07,15,6758.73,450.582,241.24212,2,0.13333333333333333,Greed,1
2024-02-08,10,26051.12,2605.112,770.756024,4,0.4,Greed,1
2024-02-11,34,212311.82,6244.465294117647,983.443176,7,0.20588235294117646,Greed,1
2024-02-12,16,227247.69999999998,14202.981249999999,913.8817869999998,6,0.375,Greed,1
2024-02-13,14,1999.99,142.85642857142858,559.44389,14,1.0,Greed,1
2024-02-14,111,320839.88,2890.4493693693694,3830.599833,83,0.7477477477477478,Greed,1
2024-02-15,63,185188.04,2939.4926984126987,1840.797677,57,0.9047619047619048,Greed,1
2024-02-16,182,564896.51,3103.826978021978,5491.768834,146,0.8021978021978022,Greed,1
2024-02-17,94,406118.07,4320.405,1929.6418,61,0.648936170212766,Greed,1
2024-02-18,97,157048.17,1619.0532989690723,477.6248299999999,61,0.6288659793814433,Greed,1
2024-02-19,101,286377.2,2835.417821782178,4317.768563,77,0.7623762376237624,Greed,1
2024-02-20,39,119419.72,3062.0441025641026,3263.628824,31,0.7948717948717948,Greed,1
2024-02-21,22,108047.51999999999,4911.250909090909,1858.7985700000002,15,0.6818181818181818,Greed,1
2024-02-22,88,373033.87,4239.02125,3894.1050699999996,40,0.45454545454545453,Greed,1
2024-02-23,143,111106.14,776.966013986014,1418.55293,137,0.958041958041958,Greed,1
2024-02-25,5,4480.13,896.0260000000001,-30.7705,0,0.0,Greed,1
2024-02-26,39,192187.14,4927.875384615385,4416.8473,34,0.8717948717948718,Greed,1
2024-02-27,63,209362.3,3323.2111111111108,888.511733,26,0.4126984126984127,Greed,1
2024-02-28,45,171107.13,3802.380666666667,2503.747235,39,0.8666666666666667,Greed,1
2024-02-29,116,395666.73,3410.9200862068965,9813.996992,100,0.8620689655172413,Greed,1
2024-03-01,137,472974.7,3452.370072992701,8244.241409,128,0.9343065693430657,Greed,1
2024-03-02,31,63197.56,2038.6309677419354,230.90060000000005,21,0.6774193548387096,Greed,1
2024-03-03,79,390745.68,4946.1478481012655,8361.086245,54,0.6835443037974683,Greed,1
2024-03-04,300,1577996.87,5259.989566666667,27799.775742,266,0.8866666666666667,Greed,1
2024-03-05,180,841810.32,4676.724,19791.026041,163,0.9055555555555556,Greed,1
2024-03-06,82,327218.02,3990.4636585365856,6814.825139,72,0.8780487804878049,Greed,1
2024-03-08,67,183583.18,2740.047462686567,4271.886236,59,0.8805970149253731,Greed,1
2024-03-09,117,658178.75,5625.459401709401,9949.501624,97,0.8290598290598291,Greed,1
2024-03-10,42,219973.85,5237.472619047619,2482.9272,29,0.6904761904761905,Greed,1
2024-03-11,42,176519.44999999998,4202.844047619047,3588.179495,39,0.9285714285714286,Greed,1
2024-03-12,8,103040.85,12880.10625,3039.166,7,0.875,Greed,1
2024-03-13,7,6000.799999999999,857.2571428571428,0.0,0,0.0,Greed,1
2024-03-14,18,205933.18,11440.732222222221,3465.865832,16,0.8888888888888888,Greed,1
2024-03-15,62,351894.41,5675.71629032258,6236.513651,41,0.6612903225806451,Greed,1
2024-03-16,8,37223.66,4652.9575,228.57984,1,0.125,Greed,1
2024-03-17,23,99506.95,4326.389130434783,503.293955,10,0.43478260869565216,Greed,1
2024-03-18,19,90458.08,4760.951578947369,1456.9577,6,0.3157894736842105,Greed,1
2024-03-19,24,219884.84,9161.868333333334,668.797973,5,0.20833333333333334,Greed,1
2024-03-20,69,215705.85,3126.171739130435,6423.134599,60,0.8695652173913043,Greed,1
2024-03-21,28,117895.57,4210.556071428572,2335.5080749999997,23,0.8214285714285714,Greed,1
2024-03-24,19,92592.20999999999,4873.274210526315,1297.018477,15,0.7894736842105263,Greed,1
2024-03-25,7,57116.32,8159.4742857142855,1302.916428,6,0.8571428571428571,Greed,1
2024-03-26,118,198565.19,1682.7558474576272,3215.906593,110,0.9322033898305084,Greed,1
2024-03-27,38,99864.79,2628.020789473684,150.41114,12,0.3157894736842105,Greed,1
2024-03-28,13,35323.72,2717.209230769231,227.85100799999998,9,0.6923076923076923,Greed,1
2024-03-29,15,86914.37,5794.291333333333,883.097404,6,0.4,Greed,1
2024-03-30,45,101103.92,2246.753777777778,1100.57514,44,0.9777777777777777,Greed,1
2024-03-31,13,39912.96,3070.2276923076925,912.786145,10,0.7692307692307693,Greed,1
2024-04-01,77,339470.47,4408.7074025974025,2507.963406,42,0.5454545454545454,Greed,1
2024-04-02,41,239664.50999999998,5845.475853658536,883.760812,12,0.2926829268292683,Greed,1
2024-04-03,4,16887.57,4221.8925,126.7884,1,0.25,Greed,1
2024-04-04,32,95987.73,2999.6165625,0.0,0,0.0,Greed,1
2024-04-05,100,503791.8,5037.918,10706.484306,90,0.9,Greed,1
2024-04-06,16,68223.67,4263.979375,236.33513399999998,4,0.25,Greed,1
2024-04-07,23,49988.14,2173.397391304348,0.0,0,0.0,Greed,1
2024-04-08,30,211940.64,7064.688,1218.4267,1,0.03333333333333333,Greed,1
2024-04-09,3,57063.840000000004,19021.280000000002,0.0,0,0.0,Greed,1
2024-04-10,41,351735.97,8578.926097560974,5207.443414,36,0.8780487804878049,Greed,1
2024-04-11,16,76400.96,4775.06,389.743164,2,0.125,Greed,1
2024-04-12,129,442088.59,3427.0433333333335,-592.6458390000001,71,0.5503875968992248,Greed,1
2024-04-13,89,486411.25,5465.294943820225,6621.451755,61,0.6853932584269663,Greed,1
2024-04-14,107,659162.17,6160.394112149533,-36104.012520000004,33,0.308411214953271,Greed,1
2024-04-15,41,291111.19,7100.272926829269,3774.08872,35,0.8536585365853658,Greed,1
2024-04-16,47,181907.17,3870.3653191489366,2467.702221,43,0.9148936170212766,Greed,1
2024-04-17,14,97562.99,6968.785000000001,2441.4683999999997,13,0.9285714285714286,Greed,1
2024-04-19,35,337257.92000000004,9635.940571428573,1946.4454620000001,27,0.7714285714285715,Greed,1
2024-04-20,22,60733.24,2760.601818181818,0.0,0,0.0,Greed,1
2024-04-22,9,47993.61,5332.623333333333,0.0,0,0.0,Greed,1
2024-04-23,66,233054.9,3531.1348484848486,1119.536196,35,0.5303030303030303,Greed,1
2024-04-24,20,141275.24,7063.762,279.185907,6,0.3,Greed,1
2024-04-25,74,120241.01,1624.8785135135136,0.0,0,0.0,Greed,1
2024-04-26,3,4988.290000000001,1662.7633333333335,0.0,0,0.0,Greed,1
2024-04-27,27,154264.47,5713.498888888889,4281.488139,19,0.7037037037037037,Greed,1
2024-04-28,58,43985.6,758.3724137931034,0.0,0,0.0,Greed,1
2024-04-29,45,108699.01,2415.5335555555553,526.9338359999999,17,0.37777777777777777,Greed,1
2024-04-30,24,125018.75,5209.114583333333,0.0,0,0.0,Greed,1
2024-05-01,14,87025.45,6216.103571428571,0.0,0,0.0,Fear,0
2024-05-03,36,282682.64999999997,7852.295833333333,5306.017045,17,0.4722222222222222,Fear,0
2024-05-04,9,58998.75,6555.416666666667,0.0,0,0.0,Greed,1
2024-05-05,6,24068.350000000002,4011.391666666667,0.916,1,0.16666666666666666,Greed,1
2024-05-06,9,206016.43,22890.714444444442,968.59038,4,0.4444444444444444,Greed,1
2024-05-07,18,108717.58,6039.865555555556,883.537693,9,0.5,Greed,1
2024-05-08,13,65973.57,5074.89,1.56576,1,0.07692307692307693,Greed,1
2024-05-09,28,221966.12,7927.361428571428,1147.595856,11,0.39285714285714285,Greed,1
2024-05-10,22,156882.0,7131.0,2101.741695,6,0.2727272727272727,Greed,1
2024-05-11,9,63248.95,7027.661111111111,251.604742,9,1.0,Fear,0
2024-05-12,23,55179.56,2399.111304347826,0.0,0,0.0,Greed,1
2024-05-13,28,193118.9,6897.103571428571,2136.853859,10,0.35714285714285715,Greed,1
2024-05-14,23,145853.4,6341.452173913043,1150.5233050000002,4,0.17391304347826086,Greed,1
2024-05-15,36,234922.57,6525.626944444444,948.970582,17,0.4722222222222222,Greed,1
2024-05-16,27,162620.96,6022.998518518518,214.5898,5,0.18518518518518517,Greed,1
2024-05-18,25,126303.14,5052.1256,3522.3946610000003,16,0.64,Greed,1
2024-05-19,8,29998.09,3749.76125,0.0,0,0.0,Greed,1
2024-05-20,10,38124.75,3812.475,-74.818442,0,0.0,Greed,1
2024-05-21,125,1100948.59,8807.588720000002,7289.397571999999,14,0.112,Greed,1
2024-05-22,6,44995.29,7499.215,0.0,0,0.0,Greed,1
2024-05-23,325,401850.6,1236.4633846153845,413.347329,145,0.4461538461538462,Greed,1
2024-05-24,2,50811.899999999994,25405.949999999997,821.949278,2,1.0,Greed,1
2024-05-25,16,29991.129999999997,1874.4456249999998,14.126038999999999,5,0.3125,Greed,1
2024-05-26,16,53976.67,3373.541875,778.6839,4,0.25,Greed,1
2024-05-27,251,151115.72,602.0546613545816,1129.35587,90,0.35856573705179284,Greed,1
2024-05-29,164,84268.76,513.8339024390243,277.791953,68,0.4146341463414634,Greed,1
2024-05-30,7,2838.09,405.4414285714286,20.951433,5,0.7142857142857143,Greed,1
2024-05-31,13,3636.14,279.70307692307694,25.35812,4,0.3076923076923077,Greed,1
2024-06-01,25,12834.62,513.3848,91.510419,9,0.36,Greed,1
2024-06-02,93,29464.51,316.822688172043,192.906947,34,0.3655913978494624,Greed,1
2024-06-03,70,21466.86,306.66942857142857,562.808208,44,0.6285714285714286,Greed,1
2024-06-04,53,24243.41,457.42283018867926,52.211438,25,0.4716981132075472,Greed,1
2024-06-05,54,25350.77,469.4587037037037,56.055506,16,0.2962962962962963,Greed,1
2024-06-06,234,137557.76,587.8536752136753,274.173187,100,0.42735042735042733,Greed,1
2024-06-07,440,1098588.76,2496.7926363636366,8902.467416,176,0.4,Greed,1
2024-06-08,29,97351.88,3356.961379310345,129.13883900000002,8,0.27586206896551724,Greed,1
2024-06-09,17,22410.22,1318.2482352941176,0.0,0,0.0,Greed,1
2024-06-10,53,46587.93,879.0175471698113,31.266804999999998,18,0.33962264150943394,Greed,1
2024-06-11,123,373279.92,3034.7960975609753,4320.631811,17,0.13821138211382114,Greed,1
2024-06-12,254,193407.96,761.4486614173228,-21886.531493,21,0.08267716535433071,Greed,1
2024-06-13,79,132577.22,1678.1926582278481,6632.757115,19,0.24050632911392406,Greed,1
2024-06-14,31,139868.66,4511.892258064517,10258.592609,15,0.4838709677419355,Greed,1
2024-06-15,78,718350.25,9209.61858974359,3369.958346,38,0.48717948717948717,Greed,1
2024-06-16,11,25235.079999999998,2294.0981818181817,0.0,0,0.0,Greed,1
2024-06-17,38,368380.12,9694.213684210526,10599.502375,25,0.6578947368421053,Greed,1
2024-06-18,25,263314.79,10532.5916,282.57636,4,0.16,Greed,1
2024-06-19,61,417071.12,6837.231475409836,4887.656944,31,0.5081967213114754,Greed,1
2024-06-20,39,207990.8,5333.097435897435,57478.456026,8,0.20512820512820512,Greed,1
2024-06-21,80,176264.49,2203.306125,773.5582039999999,3,0.0375,Greed,1
2024-06-22,24,169594.27000000002,7066.427916666667,756.876565,8,0.3333333333333333,Fear,0
2024-06-23,5,1792.12,358.424,0.0,0,0.0,Greed,1
2024-06-24,31,403002.8,13000.090322580645,0.0,0,0.0,Fear,0
2024-06-25,49,103099.08,2104.062857142857,4869.353105,11,0.22448979591836735,Fear,0
2024-06-26,72,365190.66000000003,5072.092500000001,4197.732182,21,0.2916666666666667,Fear,0
2024-06-27,30,130486.95,4349.565,0.0,0,0.0,Fear,0
2024-06-29,75,280095.11,3734.6014666666665,6150.326145,24,0.32,Fear,0
2024-06-30,14,30520.69,2180.049285714286,0.0,0,0.0,Fear,0
2024-07-01,64,362670.14999999997,5666.721093749999,5065.839308,26,0.40625,Fear,0
2024-07-02,18,33347.47,1852.6372222222224,2421.253116,13,0.7222222222222222,Fear,0
2024-07-03,18,179600.66,9977.814444444444,1118.387284,4,0.2222222222222222,Fear,0
2024-07-04,25,430568.01,17222.720400000002,0.0,0,0.0,Fear,0
2024-07-05,32,272289.89,8509.0590625,0.0,0,0.0,Fear,0
2024-07-06,24,2490.17,103.75708333333334,108.87217799999999,7,0.2916666666666667,Fear,0
2024-07-07,10,498.75,49.875,61.428942,10,1.0,Fear,0
2024-07-08,1,497.64,497.64,0.0,0,0.0,Fear,0
2024-07-09,15,2736.45,182.42999999999998,648.984412,15,1.0,Fear,0
2024-07-10,56,687900.21,12283.93232142857,11977.734907,38,0.6785714285714286,Fear,0
2024-07-11,19,169887.02,8941.422105263156,1876.812082,9,0.47368421052631576,Fear,0
2024-07-12,19,89582.97,4714.893157894737,1412.314654,9,0.47368421052631576,Fear,0
2024-07-13,17,139189.19,8187.599411764706,2913.617837,17,1.0,Fear,0
2024-07-14,7,84001.13,12000.16142857143,0.0,0,0.0,Fear,0
2024-07-15,26,198344.85,7628.6480769230775,-1.0,0,0.0,Fear,0
2024-07-16,22,144000.57,6545.480454545454,0.0,0,0.0,Greed,1
2024-07-17,351,626005.53,1783.4915384615385,1859.269477,145,0.4131054131054131,Greed,1
2024-07-18,60,649704.85,10828.414166666666,3803.884311,48,0.8,Greed,1
2024-07-19,23,150269.42,6533.453043478262,2155.891114,12,0.5217391304347826,Greed,1
2024-07-20,266,244362.21,918.65492481203,2299.169566,33,0.12406015037593984,Greed,1
2024-07-21,448,234307.46,523.0077232142856,-2960.716887,21,0.046875,Greed,1
2024-07-22,154,304213.8,1975.4142857142856,1517.119876,22,0.14285714285714285,Greed,1
2024-07-23,370,358526.54,968.9906486486486,89890.302206,329,0.8891891891891892,Greed,1
2024-07-24,90,69207.93,768.977,625.561479,18,0.2,Greed,1
2024-07-25,78,528555.31,6776.350128205129,916.7382600000001,10,0.1282051282051282,Greed,1
2024-07-26,152,548587.65,3609.1292763157894,2766.513113,61,0.40131578947368424,Greed,1
2024-07-27,57,905199.75,15880.697368421053,6400.623656,42,0.7368421052631579,Greed,1
2024-07-28,16,43254.68,2703.4175,587.29903,12,0.75,Greed,1
2024-07-29,39,327199.14,8389.72153846154,330.80445399999996,16,0.41025641025641024,Greed,1
2024-07-30,6,36006.47,6001.078333333334,0.0,0,0.0,Greed,1
2024-07-31,43,84506.54,1965.2683720930231,765.690884,14,0.32558139534883723,Greed,1
2024-08-01,57,227774.53,3996.044385964912,167.080017,4,0.07017543859649122,Fear,0
2024-08-02,63,396320.37,6290.799523809524,782.3681909999999,17,0.2698412698412698,Greed,1
2024-08-03,37,290532.86,7852.239459459459,464.1897,1,0.02702702702702703,Fear,0
2024-08-04,127,1207744.07,9509.795826771655,-122672.000883,3,0.023622047244094488,Fear,0
2024-08-05,80,420495.4,5256.1925,-13013.665169,33,0.4125,Fear,0
2024-08-06,107,61478.38,574.5642990654205,267.318048,13,0.12149532710280374,Fear,0
2024-08-07,33,2492.77,75.53848484848484,188.789255,10,0.30303030303030304,Fear,0
2024-08-08,9,16299.35,1811.038888888889,-40.712216999999995,0,0.0,Fear,0
2024-08-09,144,503204.86,3494.4781944444444,18082.071276,43,0.2986111111111111,Fear,0
2024-08-10,88,11339.29,128.8555681818182,0.0,0,0.0,Fear,0
2024-08-11,24,44230.21,1842.9254166666667,847.7766200000001,4,0.16666666666666666,Fear,0
2024-08-12,48,54167.32,1128.4858333333334,858.6705000000001,6,0.125,Fear,0
2024-08-13,23,20797.87,904.2552173913043,212.08102,8,0.34782608695652173,Fear,0
2024-08-14,25,66710.03,2668.4012,2168.9015130000003,5,0.2,Fear,0
2024-08-15,12,1522.3700000000001,126.86416666666668,0.0,0,0.0,Fear,0
2024-08-16,35,166382.84,4753.795428571429,825.230544,3,0.08571428571428572,Fear,0
2024-08-17,30,30248.96,1008.2986666666667,-288.283113,0,0.0,Fear,0
2024-08-18,15,62804.48,4186.965333333334,307.201888,12,0.8,Fear,0
2024-08-19,8,100315.03,12539.37875,339.69958299999996,5,0.625,Fear,0
2024-08-20,12,49914.8,4159.566666666667,192.602844,1,0.08333333333333333,Fear,0
2024-08-21,145,104990.41,724.0717931034483,656.200925,54,0.3724137931034483,Fear,0
2024-08-23,10,63509.56,6350.956,1005.30527,3,0.3,Fear,0
2024-08-24,7,34999.67,4999.952857142857,0.0,0,0.0,Greed,1
2024-08-25,17,21950.28,1291.1929411764704,0.0,0,0.0,Fear,0
2024-08-26,6,92611.27,15435.211666666668,231.236918,2,0.3333333333333333,Greed,1
2024-08-27,50,70250.16,1405.0032,0.0,0,0.0,Fear,0
2024-08-28,9,71160.06999999999,7906.674444444444,1333.359645,2,0.2222222222222222,Fear,0
2024-08-29,1,9995.85,9995.85,0.0,0,0.0,Fear,0
2024-08-30,6,37233.24,6205.54,256.464,1,0.16666666666666666,Fear,0
2024-08-31,34,107507.43000000001,3161.983235294118,10.882801,12,0.35294117647058826,Fear,0
2024-09-01,12,12359.68,1029.9733333333334,137.433093,5,0.4166666666666667,Fear,0
2024-09-02,2,30000.42,15000.21,0.0,0,0.0,Fear,0
2024-09-04,34,131480.97,3867.0873529411765,1065.785132,5,0.14705882352941177,Fear,0
2024-09-05,1,0.84,0.84,0.0,0,0.0,Fear,0
2024-09-06,42,39047.1,929.6928571428571,-1104.856765,0,0.0,Fear,0
2024-09-08,1,0.11,0.11,0.0,0,0.0,Fear,0
2024-09-09,2,4014.4300000000003,2007.2150000000001,0.0,0,0.0,Fear,0
2024-09-10,3,2547.28,849.0933333333334,-219.729659,0,0.0,Fear,0
2024-09-11,1,0.54,0.54,0.0,0,0.0,Fear,0
2024-09-14,11,1014.8000000000001,92.25454545454546,0.0,0,0.0,Fear,0
2024-09-18,145,13633.5,94.02413793103449,-878.684794,0,0.0,Fear,0
2024-09-19,19,1521.8700000000001,80.09842105263158,0.0,0,0.0,Fear,0
2024-09-20,16,332873.38,20804.58625,9585.03428,8,0.5,Fear,0
2024-09-21,23,165648.12,7202.092173913044,36165.56933,23,1.0,Fear,0
2024-09-22,3,19999.739999999998,6666.579999999999,0.0,0,0.0,Fear,0
2024-09-23,2,40334.29,20167.145,334.760796,1,0.5,Fear,0
2024-09-24,10,7118.63,711.863,0.0,0,0.0,Fear,0
2024-09-25,9,52754.130000000005,5861.570000000001,0.0,0,0.0,Greed,1
2024-09-26,8,113711.93000000001,14213.991250000001,439.812513,2,0.25,Fear,0
2024-09-27,56,126097.04,2251.732857142857,0.0,0,0.0,Greed,1
2024-09-28,4,29199.21,7299.8025,0.0,0,0.0,Greed,1
2024-09-30,106,214669.85,2025.1872641509435,2710.626288,5,0.04716981132075472,Greed,1
2024-10-01,4,139954.32,34988.58,0.0,0,0.0,Fear,0
2024-10-02,4,99954.34,24988.585,0.0,0,0.0,Fear,0
2024-10-03,9,132935.69,14770.632222222222,100.375782,3,0.3333333333333333,Fear,0
2024-10-04,1,0.34,0.34,0.0,0,0.0,Fear,0
2024-10-05,37,605605.74,16367.722702702702,5767.161892,24,0.6486486486486487,Fear,0
2024-10-06,22,300130.56,13642.298181818182,130.487079,5,0.22727272727272727,Fear,0
2024-10-07,21,219984.65,10475.459523809524,0.0,0,0.0,Fear,0
2024-10-08,36,434584.13,12071.781388888889,5396.546638,33,0.9166666666666666,Fear,0
2024-10-09,14,220399.93,15742.852142857142,396.06272,3,0.21428571428571427,Fear,0
2024-10-10,16,300024.33999999997,18751.521249999998,0.0,0,0.0,Fear,0
2024-10-11,26,488904.19,18804.007307692307,8885.327477,18,0.6923076923076923,Fear,0
2024-10-12,10,159713.4,15971.34,541.55471,7,0.7,Fear,0
2024-10-13,10,60002.42,6000.242,0.0,0,0.0,Fear,0
2024-10-14,5,61916.020000000004,12383.204000000002,1913.61958,5,1.0,Fear,0
2024-10-15,7,81173.36,11596.194285714286,1170.2260760000001,4,0.5714285714285714,Greed,1
2024-10-16,11,80229.17,7293.560909090909,219.480876,3,0.2727272727272727,Greed,1
2024-10-17,9,140531.75,15614.638888888889,36.11496,1,0.1111111111111111,Greed,1
2024-10-18,6,120331.43000000001,20055.238333333335,333.219141,5,0.8333333333333334,Greed,1
2024-10-19,4,99996.86,24999.215,0.0,0,0.0,Greed,1
2024-10-20,96,176447.86000000002,1837.9985416666668,389.155797,11,0.11458333333333333,Greed,1
2024-10-21,173,324117.99,1873.5143930635838,2464.915564,68,0.3930635838150289,Greed,1
2024-10-22,3,60000.36,20000.12,0.0,0,0.0,Greed,1
2024-10-23,18,210006.07,11667.003888888888,-46.489941,0,0.0,Greed,1
2024-10-25,30,427883.18,14262.772666666666,13235.862071,21,0.7,Greed,1
2024-10-27,4,90664.41,22666.1025,666.6623079999999,3,0.75,Greed,1
2024-10-28,13,121495.25,9345.788461538461,167.28016200000002,4,0.3076923076923077,Greed,1
2024-10-29,53,613267.8099999999,11571.09075471698,801.170876,3,0.05660377358490566,Greed,1
2024-10-30,25,11830.85,473.23400000000004,9.150023,7,0.28,Greed,1
2024-10-31,48,896173.36,18670.278333333332,1214.043811,34,0.7083333333333334,Greed,1
2024-11-01,23,260981.03,11347.001304347827,1040.475736,6,0.2608695652173913,Greed,1
2024-11-02,2,40000.0,20000.0,0.0,0,0.0,Greed,1
2024-11-03,6,129055.66,21509.27666666667,0.0,0,0.0,Greed,1
2024-11-04,36,451811.97,12550.332499999999,2799.410474,23,0.6388888888888888,Greed,1
2024-11-05,10,200627.23,20062.723,678.4759280000001,5,0.5,Greed,1
2024-11-06,15,123906.9,8260.46,2817.83723,7,0.4666666666666667,Greed,1
2024-11-07,113,111335.3,985.2681415929204,4493.353136,60,0.5309734513274337,Greed,1
2024-11-08,39,270700.44,6941.036923076923,-64.41354100000007,6,0.15384615384615385,Greed,1
2024-11-09,86,193384.41,2248.655930232558,102.90894,19,0.22093023255813954,Greed,1
2024-11-10,173,413636.7,2390.963583815029,991.114334,51,0.2947976878612717,Greed,1
2024-11-11,373,1570572.42,4210.649919571046,6749.630996,92,0.24664879356568364,Greed,1
2024-11-12,171,1226354.52,7171.663859649123,3494.399394,34,0.19883040935672514,Greed,1
2024-11-13,48,515336.37,10736.174375,7846.402274,27,0.5625,Greed,1
2024-11-14,110,1008361.81,9166.925545454545,4563.509225,28,0.2545454545454545,Greed,1
2024-11-15,149,1427858.42,9582.942416107382,4140.740438,55,0.3691275167785235,Greed,1
2024-11-16,157,303296.07,1931.822101910828,2769.521909,48,0.3057324840764331,Greed,1
2024-11-17,209,1215987.57,5818.122344497608,882.975285,49,0.23444976076555024,Greed,1
2024-11-18,346,2084339.58,6024.102832369942,4470.815187,124,0.3583815028901734,Greed,1
2024-11-19,305,628031.15,2059.118524590164,2958.268991,150,0.4918032786885246,Greed,1
2024-11-20,550,1999514.1199999999,3635.480218181818,4210.0928969999995,219,0.3981818181818182,Greed,1
2024-11-21,535,598300.62,1118.3189158878504,1692.430891,165,0.308411214953271,Greed,1
2024-11-22,679,1646713.62,2425.2041531664213,-18105.345617,209,0.3078055964653903,Greed,1
2024-11-23,363,516245.68,1422.1644077134986,2901.531638,128,0.3526170798898072,Greed,1
2024-11-24,172,664952.28,3866.001627906977,945.550386,46,0.26744186046511625,Greed,1
2024-11-25,255,937410.87,3676.1210588235294,5523.740734,105,0.4117647058823529,Greed,1
2024-11-26,302,1146902.44,3797.6901986754965,1094.809359,88,0.2913907284768212,Greed,1
2024-11-27,213,1444242.53,6780.481361502348,-2654.495633,74,0.3474178403755869,Greed,1
2024-11-28,332,1894225.15,5705.497439759036,-127075.39958499999,109,0.32831325301204817,Greed,1
2024-11-29,393,794262.91,2021.0252162849874,176844.994152,192,0.48854961832061067,Greed,1
2024-11-30,373,1732193.7,4643.950938337802,37316.69352,157,0.42091152815013405,Greed,1
2024-12-01,416,814711.82,1958.441875,40886.364494,221,0.53125,Greed,1
2024-12-02,270,585243.56,2167.568740740741,18489.604313,110,0.4074074074074074,Greed,1
2024-12-03,374,1084666.53,2900.177887700535,23576.539285,161,0.4304812834224599,Greed,1
2024-12-04,319,769287.65,2411.5600313479626,292891.815021,148,0.46394984326018807,Greed,1
2024-12-05,456,1256750.79,2756.0324342105264,71574.11848800001,193,0.4232456140350877,Greed,1
2024-12-06,403,3471019.22,8612.950918114144,-92624.643895,94,0.23325062034739455,Greed,1
2024-12-07,304,451733.42,1485.965197368421,85906.279067,131,0.4309210526315789,Greed,1
2024-12-08,420,932939.72,2221.2850476190474,15965.933436,152,0.3619047619047619,Greed,1
2024-12-09,539,983949.68,1825.5096103896105,6310.967676,172,0.31910946196660483,Greed,1
2024-12-10,1596,3150424.08,1973.94992481203,39325.770231,937,0.5870927318295739,Greed,1
2024-12-11,1221,2194098.33,1796.9683292383293,319051.554217,870,0.7125307125307125,Greed,1
2024-12-12,1932,4557189.87,2358.7939285714288,599151.795008,1352,0.6997929606625258,Greed,1
2024-12-13,1173,2880824.64,2455.9459846547315,31935.901745,471,0.40153452685422,Greed,1
2024-12-14,1235,2369561.78,1918.6735060728743,167801.399244,585,0.47368421052631576,Greed,1
2024-12-15,1697,2583269.81,1522.256812021214,97525.315279,417,0.24572775486152032,Greed,1
2024-12-16,1055,2740808.97,2597.9231943127966,166774.344133,535,0.5071090047393365,Greed,1
2024-12-17,1941,5233597.63,2696.3408706852138,219591.305172,847,0.4363730036063885,Greed,1
2024-12-18,1429,3798887.07,2658.423421973408,13682.994673,523,0.36599020293911827,Greed,1
2024-12-19,3339,8241709.39,2468.316678646301,62744.004486000005,2053,0.6148547469302186,Greed,1
2024-12-20,2488,7681274.71,3087.3290635048234,254969.660039,1383,0.5558681672025724,Greed,1
2024-12-21,1681,4382875.12,2607.302272456871,150022.163157,924,0.5496728138013087,Greed,1
2024-12-22,774,3087320.22,3988.7858139534887,352197.163973,337,0.4354005167958656,Greed,1
2024-12-23,2347,6771878.26,2885.333728163613,-29430.626577,681,0.2901576480613549,Greed,1
2024-12-24,338,1767036.11,5227.917485207101,14813.780116,114,0.33727810650887574,Greed,1
2024-12-25,208,347889.35,1672.5449519230767,756.6570469999998,63,0.30288461538461536,Greed,1
2024-12-26,697,2205242.65,3163.9062410329984,60228.639722,358,0.5136298421807748,Greed,1
2024-12-27,260,347913.0,1338.126923076923,2672.811035,110,0.4230769230769231,Greed,1
2024-12-28,161,281555.01,1748.7888819875777,940.673623,37,0.22981366459627328,Greed,1
2024-12-29,201,344628.54,1714.5698507462685,2884.067927,64,0.31840796019900497,Greed,1
2024-12-30,304,1073865.73,3532.453059210526,9009.738137,120,0.39473684210526316,Greed,1
2024-12-31,306,877164.62,2866.551045751634,5445.01281,92,0.3006535947712418,Greed,1
2025-01-01,96,282582.1,2943.5635416666664,-9528.065345,29,0.3020833333333333,Greed,1
2025-01-02,361,774674.84,2145.9136842105263,8716.519087,165,0.45706371191135736,Greed,1
2025-01-03,508,771208.99,1518.1279330708662,6028.486793,138,0.27165354330708663,Greed,1
2025-01-04,371,1826029.6199999999,4921.912722371967,2553.537968,75,0.20215633423180593,Greed,1
2025-01-05,239,451943.57,1890.977280334728,3187.719363,100,0.41841004184100417,Greed,1
2025-01-06,573,556526.99,971.2512914485166,6064.185393,89,0.15532286212914484,Greed,1
2025-01-07,637,1313178.1,2061.504081632653,16098.227531,485,0.7613814756671899,Greed,1
2025-01-08,1039,3177275.18,3058.0126852743024,130117.090554,386,0.37151106833493747,Greed,1
2025-01-09,522,1020733.25,1955.427681992337,46975.928902,145,0.2777777777777778,Greed,1
2025-01-10,819,6547449.68,7994.444053724053,-10116.875552,432,0.5274725274725275,Fear,0
2025-01-11,283,1658098.71,5859.006042402827,2269.080536,69,0.24381625441696114,Greed,1
2025-01-12,602,2258459.17,3751.59330564784,5742.241803,472,0.7840531561461794,Greed,1
2025-01-13,408,2936648.0100000002,7197.666691176471,9655.429352,158,0.3872549019607843,Greed,1
2025-01-14,275,876581.97,3187.5708,16069.512355,137,0.49818181818181817,Greed,1
2025-01-15,267,1801599.8900000001,6747.565131086143,14819.5883,123,0.4606741573033708,Greed,1
2025-01-16,371,3049692.96,8220.196657681941,20807.709328,127,0.3423180592991914,Greed,1
2025-01-17,238,1110230.46,4664.8338655462185,7006.415608,126,0.5294117647058824,Greed,1
2025-01-18,651,2711629.88,4165.330076804916,443.2330819999997,248,0.38095238095238093,Greed,1
2025-01-19,1567,9715215.3,6199.8821314613915,87923.799302,317,0.20229738353541799,Greed,1
2025-01-20,1315,8287327.01,6302.149817490495,87277.239173,687,0.5224334600760456,Greed,1
2025-01-21,530,1523729.82,2874.961924528302,11077.839421,205,0.3867924528301887,Greed,1
2025-01-22,832,1778406.43,2137.5077283653845,20524.408057,234,0.28125,Greed,1
2025-01-23,1218,3697028.66,3035.3273070607556,101256.24216,805,0.6609195402298851,Greed,1
2025-01-24,874,1611433.45,1843.7453661327231,10602.779738,488,0.5583524027459954,Greed,1
2025-01-25,506,1239377.7,2449.363043478261,-10348.016255999999,141,0.27865612648221344,Greed,1
2025-01-26,451,1201173.66,2663.3562305986693,40823.466668,196,0.43458980044345896,Greed,1
2025-01-27,773,1508028.31,1950.8775032341528,41331.765392,368,0.4760672703751617,Greed,1
2025-01-28,498,579412.17,1163.4782530120483,17979.613973,313,0.6285140562248996,Greed,1
2025-01-29,910,1897513.41,2085.1795714285713,23421.01147,379,0.4164835164835165,Greed,1
2025-01-30,1067,3014397.17,2825.114498594189,23097.471385,370,0.3467666354264292,Greed,1
2025-01-31,1016,2783411.48,2739.578228346457,35868.296773,550,0.5413385826771654,Greed,1
2025-02-01,634,1363746.44,2151.019621451104,32300.205017,378,0.5962145110410094,Greed,1
2025-02-02,1319,5661092.29,4291.957763457164,162854.759623,473,0.35860500379075055,Greed,1
2025-02-03,2380,22592901.37,9492.815701680673,348871.326269,1103,0.4634453781512605,Fear,0
2025-02-04,2512,15678409.27,6241.404964171974,416876.88812,695,0.276671974522293,Greed,1
2025-02-05,1297,8743231.51,6741.1191287586735,56706.235562,417,0.3215111796453354,Fear,0
2025-02-06,1703,2818508.87,1655.0257604227834,33803.799733,785,0.46095126247798,Fear,0
2025-02-07,1524,3460263.54,2270.5141338582675,22450.002091,430,0.2821522309711286,Fear,0
2025-02-08,575,839734.97,1460.4086434782607,586.703253,110,0.19130434782608696,Fear,0
2025-02-09,764,2920919.7,3823.19332460733,150551.829492,329,0.4306282722513089,Fear,0
2025-02-10,889,3624958.44,4077.5685489313837,63908.49465,425,0.4780652418447694,Fear,0
2025-02-11,848,2797544.17,3298.990766509434,-6093.784817,185,0.21816037735849056,Fear,0
2025-02-12,1031,4143974.54,4019.3739476236665,19848.635032,477,0.4626576139670223,Fear,0
2025-02-13,1370,3199852.21,2335.6585474452554,27829.534238,641,0.4678832116788321,Fear,0
2025-02-14,1655,4007103.42,2421.210525679758,213860.675308,710,0.42900302114803623,Fear,0
2025-02-15,932,1712852.95,1837.8250536480687,45042.92701,401,0.4302575107296137,Fear,0
2025-02-16,681,806177.64,1183.8144493392072,2369.478425,300,0.44052863436123346,Fear,0
2025-02-17,941,2031044.64,2158.3896280552603,1818.573295,211,0.22422954303931988,Fear,0
2025-02-18,1676,3371128.68,2011.413293556086,91204.672403,858,0.5119331742243437,Fear,0
2025-02-19,1361,3263930.24,2398.185334313005,14985.794701,582,0.4276267450404115,Fear,0
2025-02-20,2012,4628609.29,2300.5016351888667,46008.794102,964,0.47912524850894633,Fear,0
2025-02-21,1873,3972159.88,2120.747399893219,119693.49395,978,0.5221569674319274,Greed,1
2025-02-22,686,3175570.2,4629.111078717201,25278.704178,341,0.4970845481049563,Fear,0
2025-02-23,520,1141310.74,2194.8283461538463,10656.934251,234,0.45,Fear,0
2025-02-24,5616,11223619.59,1998.5077617521367,38470.176242,2228,0.39672364672364674,Fear,0
2025-02-25,6246,19414984.36,3108.3868651937237,204762.177034,1628,0.260646813960935,Fear,0
2025-02-26,1176,4946958.13,4206.597049319727,63229.063129,789,0.6709183673469388,Fear,0
2025-02-27,890,1999898.43,2247.0768876404495,-36525.167517,247,0.27752808988764044,Fear,0
2025-02-28,1019,4123660.77,4046.7721000981355,225628.108748,396,0.3886162904808636,Fear,0
2025-03-01,174,263824.13,1516.230632183908,10596.108968,78,0.4482758620689655,Fear,0
2025-03-02,532,6460848.74,12144.452518796992,66914.320708,267,0.5018796992481203,Fear,0
2025-03-03,1482,8244590.38,5563.151403508772,616413.032233,912,0.6153846153846154,Fear,0
2025-03-04,2402,11124247.15,4631.24360949209,182075.566585,609,0.25353871773522063,Fear,0
2025-03-05,1660,9193654.22,5538.345915662651,269328.365917,1259,0.7584337349397591,Fear,0
2025-03-06,760,6765324.96,8901.743368421052,16101.125561,365,0.48026315789473684,Fear,0
2025-03-07,2552,19854275.48,7779.888510971787,150236.061627,1333,0.5223354231974922,Fear,0
2025-03-08,529,892083.51,1686.3582419659735,24700.773359,301,0.5689981096408318,Fear,0
2025-03-09,1422,10419697.99,7327.495070323488,19773.457395,627,0.4409282700421941,Fear,0
2025-03-10,2911,16811790.68,5775.263029886637,-10010.027269999999,1157,0.39745791824115423,Fear,0
2025-03-11,3286,14016952.09,4265.657970176507,-76880.729036,616,0.18746195982958003,Fear,0
2025-03-12,3968,18618139.15,4692.071358366935,288105.984215,2240,0.5645161290322581,Fear,0
2025-03-13,962,3285591.22,3415.375488565489,14114.870873,440,0.4573804573804574,Fear,0
2025-03-14,2210,8047187.16,3641.261158371041,68646.160089,1887,0.8538461538461538,Fear,0
2025-03-15,261,2355749.54,9025.86030651341,78694.624572,155,0.5938697318007663,Fear,0
2025-03-16,530,10187921.51,19222.49341509434,-7910.943544999999,123,0.2320754716981132,Fear,0
2025-03-17,920,3592895.05,3905.320706521739,26163.906513,417,0.4532608695652174,Fear,0
2025-03-18,834,4050655.47,4856.901043165468,72322.788824,188,0.22541966426858512,Fear,0
2025-03-19,1612,4598813.57,2852.8620161290323,29374.682341,671,0.4162531017369727,Fear,0
2025-03-20,771,1652257.93,2143.0063942931256,10246.859436,315,0.4085603112840467,Fear,0
2025-03-21,698,2543903.39,3644.560730659026,6951.270374,349,0.5,Fear,0
2025-03-22,535,971809.42,1816.4662056074767,12498.535254,254,0.4747663551401869,Fear,0
2025-03-23,447,2593519.67,5802.057427293064,14047.421585,146,0.32662192393736017,Fear,0
2025-03-24,1027,3017587.05,2938.254186952288,107878.961301,632,0.6153846153846154,Fear,0
2025-03-25,791,5372519.77,6792.060391908975,32030.90678,286,0.3615676359039191,Fear,0
2025-03-26,3102,7597754.37,2449.30830754352,15802.167427,841,0.27111540941328177,Fear,0
2025-03-27,785,3240279.46,4127.744535031847,58825.359221,262,0.33375796178343947,Fear,0
2025-03-28,728,1483092.61,2037.2151236263737,21337.179335,231,0.3173076923076923,Fear,0
2025-03-29,1894,3668151.83,1936.7221911298839,12098.872931,674,0.3558606124604013,Fear,0
2025-03-30,568,2850874.96,5019.146056338028,15795.11514,94,0.16549295774647887,Fear,0
2025-03-31,495,2164772.4699999997,4373.277717171717,6978.184557,259,0.5232323232323233,Fear,0
2025-04-01,192,704445.1900000001,3668.9853645833336,-2202.6622420000003,88,0.4583333333333333,Fear,0
2025-04-02,1076,3867930.6,3594.7310408921935,202212.740938,963,0.8949814126394052,Fear,0
2025-04-03,1748,8670233.15,4960.087614416476,-2365.961276,520,0.2974828375286041,Fear,0
2025-04-04,1272,3835545.73,3015.3661399371067,-25515.678949999998,493,0.38757861635220126,Fear,0
2025-04-05,360,1267564.22,3521.011722222222,35907.33771,209,0.5805555555555556,Fear,0
2025-04-06,1048,3551252.06,3388.59929389313,47053.449272,332,0.31679389312977096,Fear,0
2025-04-07,2814,14460253.14,5138.682707889126,34527.370305,673,0.23916133617626156,Fear,0
2025-04-08,943,8869391.4,9405.505196182397,34899.394798,386,0.4093319194061506,Fear,0
2025-04-09,3967,28556806.47,7198.589984875221,43120.444797,1708,0.43055205444920597,Fear,0
2025-04-10,2127,28741953.29,13512.90704748472,158261.822261,1125,0.5289139633286318,Fear,0
2025-04-11,1096,11319327.07,10327.853166058394,126406.479081,368,0.3357664233576642,Fear,0
2025-04-12,2109,55914617.49,26512.383826458037,410419.694533,574,0.2721669037458511,Fear,0
2025-04-13,1321,14171154.79,10727.596358819075,48696.021521,478,0.3618470855412566,Fear,0
2025-04-14,890,13079972.98,14696.598853932584,45680.443063,376,0.42247191011235957,Fear,0
2025-04-15,1131,20752168.24,18348.51303271441,72357.706282,647,0.5720601237842617,Fear,0
2025-04-16,1608,36502715.9,22700.69396766169,58631.730257,547,0.3401741293532338,Fear,0
2025-04-17,1031,2604551.51,2526.238128031038,5427.919886,313,0.30358874878758485,Fear,0
2025-04-18,1894,24610650.46,12994.007634635693,4880.4047439999995,971,0.5126715945089757,Fear,0
2025-04-19,2786,32706462.71,11739.577426417804,71950.577495,814,0.2921751615218952,Fear,0
2025-04-20,1982,12126094.05,6118.110015136226,25060.341936,790,0.3985872855701312,Fear,0
2025-04-21,1718,42104054.84,24507.598859138536,34369.267906999994,677,0.3940628637951106,Fear,0
2025-04-22,2998,33753625.24,11258.714222815212,58652.763578,888,0.2961974649766511,Fear,0
2025-04-23,6159,30682443.79,4981.72492125345,-419020.225731,2000,0.324728040266277,Greed,1
2025-04-24,2232,35088918.64,15720.841684587815,50704.395965,923,0.4135304659498208,Greed,1
2025-04-25,1653,27749455.78,16787.32957047792,20218.859206,638,0.38596491228070173,Greed,1
2025-04-26,1131,11948127.77,10564.215534924844,-4125.753942,195,0.1724137931034483,Greed,1
2025-04-27,337,487537.69,1446.6993768545994,2702.067468,120,0.3560830860534125,Greed,1
2025-04-28,1379,26124921.49,18944.83066715011,36906.813759,575,0.4169688179840464,Fear,0
2025-04-29,2243,34089511.66,15198.177289344627,125749.613427,969,0.43201069995541685,Greed,1
2025-04-30,1113,12693878.85,11405.10229110512,14003.797269,295,0.26504941599281223,Greed,1
2025-05-01,1230,10720240.52,8715.642699186992,54536.829297000004,530,0.43089430894308944,Fear,0
